name,country,gender,source_file,rank,matches,match_win_pct,service_points_won_pct,aces,ace_pct,double_faults,double_fault_pct,first_serve_in_pct,first_serve_win_pct,second_serve_win_pct,hold_pct,points_per_service_game,points_lost_per_service_game,source_files
Aryna Sabalenka,BLR,W,wta.tsv,1.0,,83.6,62.0,268.0,5.6,164.0,3.4,62.8,68.6,50.9,78.0,6.5,2.5,wta.tsv
Jannik Sinner,ITA,M,atp.tsv,1.0,,92.9,71.0,474.0,10.9,99.0,2.3,61.2,78.9,58.5,91.3,6.0,1.8,atp.tsv
Carlos Alcaraz,ESP,M,atp.tsv,2.0,,81.9,67.6,348.0,6.7,165.0,3.2,64.5,73.6,56.7,86.3,6.1,2.0,atp.tsv
Coco Gauff,USA,W,wta.tsv,2.0,,75.0,60.7,218.0,5.3,374.0,9.1,59.5,72.0,43.9,73.9,6.5,2.6,wta.tsv
Alexander Zverev,GER,M,atp.tsv,3.0,,73.8,70.1,679.0,11.7,179.0,3.1,69.1,76.7,55.4,89.1,6.0,1.8,atp.tsv
Jessica Pegula,USA,W,wta.tsv,3.0,,72.6,60.6,199.0,4.0,168.0,3.4,62.3,66.9,50.3,73.6,6.5,2.5,wta.tsv
Jasmine Paolini,ITA,W,wta.tsv,4.0,,69.5,58.3,95.0,2.4,100.0,2.5,67.0,63.1,48.7,69.2,6.6,2.7,wta.tsv
Taylor Fritz,USA,M,atp.tsv,4.0,,68.2,71.2,689.0,13.6,117.0,2.3,64.6,79.3,56.4,90.5,5.9,1.7,atp.tsv
Iga Swiatek,POL,W,wta.tsv,5.0,,76.7,61.5,163.0,4.3,143.0,3.7,64.0,68.1,49.7,76.0,6.4,2.5,wta.tsv
Jack Draper,GBR,M,atp.tsv,5.0,,75.0,68.0,540.0,11.2,181.0,3.8,61.8,77.1,53.2,85.9,6.1,1.9,atp.tsv
Mirra Andreeva,RUS,W,wta.tsv,6.0,,74.6,60.6,193.0,4.9,184.0,4.7,62.0,67.3,49.8,73.2,6.5,2.6,wta.tsv
Novak Djokovic,SRB,M,atp.tsv,6.0,,77.8,70.1,317.0,9.7,103.0,3.2,66.0,77.0,56.6,88.8,6.1,1.8,atp.tsv
Lorenzo Musetti,ITA,M,atp.tsv,7.0,,71.0,64.5,253.0,4.4,128.0,2.2,66.3,70.1,53.5,80.4,6.4,2.3,atp.tsv
Qinwen Zheng,CHN,W,wta.tsv,7.0,,73.8,61.5,408.0,9.8,212.0,5.1,54.2,73.9,46.8,76.4,6.4,2.4,wta.tsv
Casper Ruud,NOR,M,atp.tsv,8.0,,62.1,66.0,321.0,7.7,142.0,3.4,66.1,72.3,53.6,83.3,6.3,2.1,atp.tsv
Madison Keys,USA,W,wta.tsv,8.0,,72.7,60.5,205.0,6.5,130.0,4.1,68.0,66.4,47.9,74.9,6.6,2.6,wta.tsv
Alex De Minaur,AUS,M,atp.tsv,9.0,,68.8,65.0,261.0,5.7,177.0,3.9,53.9,74.6,53.9,81.5,6.1,2.1,atp.tsv
Emma Navarro,USA,W,wta.tsv,9.0,,62.1,57.9,85.0,2.0,172.0,4.1,63.6,64.0,47.3,67.9,6.5,2.7,wta.tsv
Holger Rune,DEN,M,atp.tsv,10.0,,64.5,65.8,321.0,7.1,162.0,3.6,61.1,72.9,54.8,84.0,6.2,2.1,atp.tsv
Paula Badosa,ESP,W,wta.tsv,10.0,,70.9,60.8,283.0,7.1,290.0,7.3,57.4,71.3,46.8,75.3,6.6,2.6,wta.tsv
Daniil Medvedev,RUS,M,atp.tsv,11.0,,63.8,64.7,407.0,9.3,252.0,5.8,61.1,74.2,49.8,80.7,6.3,2.2,atp.tsv
Elena Rybakina,KAZ,W,wta.tsv,11.0,,69.6,63.1,272.0,9.0,135.0,4.5,58.8,73.7,47.9,79.6,6.5,2.4,wta.tsv
Diana Shnaider,RUS,W,wta.tsv,12.0,,66.2,59.5,148.0,2.9,198.0,3.9,64.8,64.0,51.2,72.3,6.6,2.7,wta.tsv
Tommy Paul,USA,M,atp.tsv,12.0,,71.4,65.5,372.0,7.3,119.0,2.3,62.1,72.6,53.8,82.8,6.4,2.2,atp.tsv
Ben Shelton,USA,M,atp.tsv,13.0,,59.7,68.8,593.0,10.9,186.0,3.4,67.4,75.4,55.0,88.4,6.4,2.0,atp.tsv
Karolina Muchova,CZE,W,wta.tsv,13.0,,70.2,60.5,187.0,6.4,96.0,3.3,59.7,68.0,49.5,74.0,6.6,2.6,wta.tsv
Arthur Fils,FRA,M,atp.tsv,14.0,,64.7,66.1,413.0,7.8,202.0,3.8,61.7,75.2,51.4,83.7,6.3,2.1,atp.tsv
Elina Svitolina,UKR,W,wta.tsv,14.0,,71.2,60.1,179.0,5.0,160.0,4.4,60.0,68.3,47.9,75.7,6.7,2.7,wta.tsv
Andrey Rublev,RUS,M,atp.tsv,15.0,,54.8,66.3,478.0,10.2,153.0,3.3,61.3,75.9,51.0,83.2,6.2,2.1,atp.tsv
Barbora Krejcikova,CZE,W,wta.tsv,15.0,,61.5,60.1,83.0,4.3,104.0,5.4,65.5,66.8,47.2,69.8,6.6,2.6,wta.tsv
Amanda Anisimova,USA,W,wta.tsv,16.0,,65.8,57.5,97.0,3.6,180.0,6.7,62.2,62.7,48.9,68.3,6.7,2.9,wta.tsv
Frances Tiafoe,USA,M,atp.tsv,16.0,,56.9,65.7,485.0,9.6,160.0,3.2,58.0,75.3,52.5,82.6,6.4,2.2,atp.tsv
Daria Kasatkina,AUS,W,wta.tsv,17.0,,57.4,55.0,105.0,2.8,278.0,7.5,65.6,61.2,43.0,62.0,6.7,3.0,wta.tsv
Grigor Dimitrov,BUL,M,atp.tsv,17.0,,64.0,67.3,397.0,10.7,194.0,5.2,59.0,78.6,51.0,83.8,6.2,2.0,atp.tsv
Francisco Cerundolo,ARG,M,atp.tsv,18.0,,63.0,63.5,265.0,4.8,222.0,4.0,61.9,70.0,53.0,80.0,6.6,2.4,atp.tsv
Liudmila Samsonova,RUS,W,wta.tsv,18.0,,57.7,59.3,213.0,5.8,220.0,6.0,55.6,69.1,46.9,70.5,6.6,2.7,wta.tsv
Donna Vekic,CRO,W,wta.tsv,19.0,,56.3,59.5,200.0,5.7,217.0,6.2,55.3,71.0,45.2,72.4,6.6,2.7,wta.tsv
Jakub Mensik,CZE,M,atp.tsv,19.0,,59.6,65.3,707.0,14.5,228.0,4.7,60.1,77.2,47.5,83.2,6.5,2.2,atp.tsv
Ekaterina Alexandrova,RUS,W,wta.tsv,20.0,,60.0,59.5,282.0,7.6,228.0,6.1,62.0,68.3,45.0,73.0,6.6,2.7,wta.tsv
Stefanos Tsitsipas,GRE,M,atp.tsv,20.0,,60.7,67.7,372.0,8.8,166.0,3.9,61.1,75.9,54.7,86.2,6.2,2.0,atp.tsv
Jelena Ostapenko,LAT,W,wta.tsv,21.0,,50.0,54.8,175.0,6.5,239.0,8.8,56.1,65.0,41.8,62.7,7.0,3.1,wta.tsv
Ugo Humbert,FRA,M,atp.tsv,21.0,,58.2,67.0,431.0,9.8,123.0,2.8,61.3,75.1,54.0,85.1,6.2,2.0,atp.tsv
Clara Tauson,DEN,W,wta.tsv,22.0,,55.3,59.8,274.0,8.1,189.0,5.6,57.6,70.2,45.7,73.1,6.7,2.7,wta.tsv
Tomas Machac,CZE,M,atp.tsv,22.0,,57.4,63.7,303.0,7.5,166.0,4.1,61.9,71.0,51.9,79.0,6.3,2.3,atp.tsv
Beatriz Haddad Maia,BRA,W,wta.tsv,23.0,,51.8,57.7,108.0,3.3,196.0,6.0,63.3,64.3,46.2,67.5,6.6,2.8,wta.tsv
Sebastian Korda,USA,M,atp.tsv,23.0,,62.5,67.1,286.0,9.7,75.0,2.5,61.3,74.9,54.6,84.8,6.2,2.0,atp.tsv
Elise Mertens,BEL,W,wta.tsv,24.0,,59.3,59.2,237.0,6.8,248.0,7.1,55.8,70.0,45.6,70.8,6.4,2.6,wta.tsv
Karen Khachanov,RUS,M,atp.tsv,24.0,,54.7,65.9,343.0,8.3,107.0,2.6,63.8,73.7,52.2,80.9,6.1,2.1,atp.tsv
Alexei Popyrin,AUS,M,atp.tsv,25.0,,52.9,65.3,451.0,11.1,157.0,3.9,64.2,75.2,47.6,83.1,6.5,2.3,atp.tsv
Marta Kostyuk,UKR,W,wta.tsv,25.0,,59.6,57.2,159.0,4.3,324.0,8.8,59.5,66.1,44.0,67.0,6.7,2.9,wta.tsv
Flavio Cobolli,ITA,M,atp.tsv,26.0,,55.9,62.5,293.0,6.2,200.0,4.2,54.5,70.7,52.7,78.5,6.6,2.5,atp.tsv
Magdalena Frech,POL,W,wta.tsv,26.0,,49.1,56.5,140.0,3.6,107.0,2.7,61.9,62.7,46.4,64.4,6.6,2.9,wta.tsv
Felix Auger Aliassime,CAN,M,atp.tsv,27.0,,58.2,67.3,522.0,12.5,175.0,4.2,66.4,75.4,51.4,84.7,6.3,2.0,atp.tsv
Leylah Fernandez,CAN,W,wta.tsv,27.0,,54.7,57.9,139.0,3.6,229.0,5.9,62.2,64.9,46.4,68.4,6.7,2.8,wta.tsv
Anna Kalinskaya,RUS,W,wta.tsv,28.0,,59.1,59.0,65.0,2.2,141.0,4.9,65.9,64.0,49.3,70.3,6.5,2.7,wta.tsv
Hubert Hurkacz,POL,M,atp.tsv,28.0,,59.5,68.5,505.0,15.2,72.0,2.2,63.2,77.3,53.4,87.8,6.2,1.9,atp.tsv
Alejandro Davidovich Fokina,ESP,M,atp.tsv,29.0,,56.6,61.7,209.0,4.8,121.0,2.8,66.3,67.1,51.2,76.9,6.7,2.5,atp.tsv
Linda Noskova,CZE,W,wta.tsv,29.0,,53.3,61.9,232.0,7.8,188.0,6.3,59.3,71.1,48.5,76.0,6.5,2.5,wta.tsv
Matteo Berrettini,ITA,M,atp.tsv,30.0,,66.7,70.1,617.0,13.5,86.0,1.9,69.2,77.7,53.2,89.7,6.2,1.8,atp.tsv
Sofia Kenin,USA,W,wta.tsv,30.0,,53.1,59.3,102.0,3.0,169.0,4.9,68.4,64.9,47.3,71.5,6.5,2.7,wta.tsv
Denis Shapovalov,CAN,M,atp.tsv,31.0,,61.2,66.5,375.0,10.2,294.0,8.0,59.9,76.9,51.0,84.5,6.2,2.1,atp.tsv
Yulia Putintseva,KAZ,W,wta.tsv,31.0,,58.7,58.8,77.0,2.6,80.0,2.7,69.2,63.4,48.3,69.3,6.6,2.7,wta.tsv
Brandon Nakashima,USA,M,atp.tsv,32.0,,54.5,67.3,556.0,11.6,74.0,1.5,66.2,74.5,53.3,85.7,6.1,2.0,atp.tsv
Magda Linette,POL,W,wta.tsv,32.0,,56.4,57.8,167.0,4.5,88.0,2.3,62.4,64.1,47.2,68.7,6.9,2.9,wta.tsv
Alex Michelsen,USA,M,atp.tsv,33.0,,56.3,64.4,301.0,6.2,142.0,2.9,67.5,71.1,50.6,81.0,6.5,2.3,atp.tsv
Peyton Stearns,USA,W,wta.tsv,33.0,,53.2,56.4,115.0,3.3,159.0,4.5,63.4,63.1,44.9,64.8,6.7,2.9,wta.tsv
Jiri Lehecka,CZE,M,atp.tsv,34.0,,59.2,65.1,371.0,10.3,121.0,3.4,60.1,74.3,51.3,83.2,6.4,2.2,atp.tsv
Olga Danilovic,SRB,W,wta.tsv,34.0,,62.1,58.3,69.0,3.2,102.0,4.8,64.9,63.4,48.8,71.4,7.0,2.9,wta.tsv
Ashlyn Krueger,USA,W,wta.tsv,35.0,,54.2,57.0,180.0,5.0,259.0,7.1,63.4,64.2,44.5,66.4,6.6,2.8,wta.tsv
Tallon Griekspoor,NED,M,atp.tsv,35.0,,54.8,67.5,565.0,11.1,195.0,3.8,65.3,76.0,51.4,86.5,6.4,2.1,atp.tsv
Matteo Arnaldi,ITA,M,atp.tsv,36.0,,50.0,62.0,325.0,8.1,157.0,3.9,56.6,70.9,50.5,78.0,6.6,2.5,atp.tsv
Ons Jabeur,TUN,W,wta.tsv,36.0,,56.3,60.9,103.0,4.9,76.0,3.6,58.7,69.6,48.6,73.1,6.4,2.5,wta.tsv
Anastasia Potapova,RUS,W,wta.tsv,37.0,,60.0,57.1,120.0,3.5,219.0,6.4,53.5,66.2,46.6,67.9,6.8,2.9,wta.tsv
Giovanni Mpetshi Perricard,FRA,M,atp.tsv,37.0,,47.5,70.1,670.0,20.6,205.0,6.3,64.5,79.1,53.7,90.4,6.4,1.9,atp.tsv
Katie Boulter,GBR,W,wta.tsv,38.0,,58.3,59.2,149.0,5.1,201.0,6.9,57.4,69.3,45.5,72.5,6.7,2.7,wta.tsv
Sebastian Baez,ARG,M,atp.tsv,38.0,,43.8,59.2,89.0,2.4,85.0,2.3,71.9,63.0,49.7,70.5,6.6,2.7,atp.tsv
Alexandre Muller,FRA,M,atp.tsv,39.0,,53.3,61.3,153.0,4.0,84.0,2.2,67.7,67.4,48.6,75.4,6.6,2.6,atp.tsv
Belinda Bencic,SUI,W,wta.tsv,39.0,,69.0,57.8,48.0,2.7,84.0,4.7,65.3,65.3,43.7,68.0,6.5,2.8,wta.tsv
Elina Avanesyan,ARM,W,wta.tsv,40.0,,51.1,54.2,33.0,1.0,123.0,3.6,69.2,58.2,45.2,60.4,6.6,3.0,wta.tsv
Jordan Thompson,AUS,M,atp.tsv,40.0,,60.5,65.8,318.0,9.8,65.0,2.0,59.5,74.3,53.3,81.2,6.1,2.1,atp.tsv
Emma Raducanu,GBR,W,wta.tsv,41.0,,61.9,57.2,146.0,5.1,134.0,4.7,64.5,63.9,45.0,66.3,6.8,2.9,wta.tsv
Nuno Borges,POR,M,atp.tsv,41.0,,51.9,63.6,289.0,7.1,143.0,3.5,65.0,70.2,51.3,78.7,6.4,2.3,atp.tsv
Gael Monfils,FRA,M,atp.tsv,42.0,,65.1,66.5,428.0,11.7,205.0,5.6,60.2,76.7,51.1,84.9,6.3,2.1,atp.tsv
Rebecca Sramkova,SVK,W,wta.tsv,42.0,,58.8,56.4,135.0,4.0,123.0,3.6,61.0,61.9,47.8,66.5,6.8,3.0,wta.tsv
Marcos Giron,USA,M,atp.tsv,43.0,,55.6,63.9,291.0,6.7,79.0,1.8,59.4,72.8,51.0,80.5,6.4,2.3,atp.tsv
Xin Yu Wang,CHN,W,wta.tsv,43.0,,43.9,57.2,100.0,3.3,127.0,4.1,62.9,64.5,44.9,67.9,6.8,2.9,wta.tsv
Lorenzo Sonego,ITA,M,atp.tsv,44.0,,45.7,66.2,284.0,7.7,97.0,2.6,66.4,73.9,51.1,84.6,6.3,2.1,atp.tsv
Mccartney Kessler,USA,W,wta.tsv,44.0,,55.0,56.3,82.0,2.7,106.0,3.5,60.6,62.2,47.2,64.9,6.6,2.9,wta.tsv
Luciano Darderi,ITA,M,atp.tsv,45.0,,40.8,62.2,280.0,7.6,131.0,3.6,59.7,69.8,51.0,77.0,6.5,2.5,atp.tsv
Lulu Sun,NZL,W,wta.tsv,45.0,,43.8,60.0,167.0,7.1,104.0,4.4,57.6,68.8,48.1,74.1,6.7,2.7,wta.tsv
Miomir Kecmanovic,SRB,M,atp.tsv,46.0,,47.2,65.0,244.0,5.8,111.0,2.6,61.4,73.3,51.8,81.5,6.3,2.2,atp.tsv
Veronika Kudermetova,RUS,W,wta.tsv,46.0,,47.8,56.7,164.0,4.8,120.0,3.5,60.4,64.0,45.6,64.5,6.7,2.9,wta.tsv
David Goffin,BEL,M,atp.tsv,47.0,,53.8,59.7,183.0,6.1,111.0,3.7,58.3,68.3,47.7,71.0,6.6,2.7,atp.tsv
Marie Bouzkova,CZE,W,wta.tsv,47.0,,54.3,56.8,111.0,3.4,162.0,5.0,62.2,64.5,44.1,66.2,6.7,2.9,wta.tsv
Dayana Yastremska,UKR,W,wta.tsv,48.0,,45.9,55.7,103.0,3.5,183.0,6.2,57.3,61.1,48.4,64.1,7.2,3.2,wta.tsv
Pedro Martinez,ESP,M,atp.tsv,48.0,,36.7,58.3,82.0,2.4,167.0,4.9,70.0,63.7,45.8,69.2,6.5,2.7,atp.tsv
Naomi Osaka,JPN,W,wta.tsv,49.0,,60.6,63.8,206.0,9.1,74.0,3.3,57.0,74.1,50.3,79.3,6.2,2.2,wta.tsv
Roberto Bautista Agut,ESP,M,atp.tsv,49.0,,50.0,61.9,117.0,3.1,109.0,2.9,65.8,67.3,51.4,77.5,6.6,2.5,atp.tsv
Anastasia Pavlyuchenkova,RUS,W,wta.tsv,50.0,,50.0,59.1,102.0,5.3,116.0,6.0,59.2,69.1,44.5,71.2,6.9,2.8,wta.tsv
Zizou Bergs,BEL,M,atp.tsv,50.0,,55.8,64.9,318.0,8.4,142.0,3.8,60.9,73.4,51.6,80.8,6.2,2.2,atp.tsv
Camila Osorio,COL,W,wta2.tsv,51.0,,57.1,54.6,72.0,2.5,193.0,6.7,64.8,60.5,43.6,60.7,6.5,2.9,wta2.tsv
Camilo Ugo Carabelli,ARG,M,atp2.tsv,51.0,,46.2,58.6,77.0,3.7,78.0,3.8,62.8,67.9,42.9,69.2,6.6,2.7,atp2.tsv
Alycia Parks,USA,W,wta2.tsv,52.0,,35.7,54.2,154.0,7.9,227.0,11.7,55.9,66.7,38.3,61.1,6.6,3.0,wta2.tsv
Quentin Halys,FRA,M,atp2.tsv,52.0,,48.5,67.4,421.0,15.0,131.0,4.7,58.2,79.7,50.3,85.7,6.3,2.0,atp2.tsv
Maya Joint,AUS,W,wta2.tsv,53.0,,57.7,57.2,27.0,1.7,71.0,4.5,64.0,60.2,51.9,67.2,6.6,2.8,wta2.tsv
Tomas Martin Etcheverry,ARG,M,atp2.tsv,53.0,,45.5,64.4,376.0,8.4,94.0,2.1,63.3,72.8,49.8,81.7,6.5,2.3,atp2.tsv
Danielle Collins,USA,W,wta2.tsv,54.0,,56.7,59.2,127.0,6.2,148.0,7.2,57.8,67.5,47.9,70.3,6.7,2.7,wta2.tsv
Gabriel Diallo,CAN,M,atp2.tsv,54.0,,50.0,64.0,240.0,9.1,82.0,3.1,67.0,71.1,49.6,81.0,6.5,2.3,atp2.tsv
Ann Li,USA,W,wta2.tsv,55.0,,56.3,57.4,109.0,4.9,68.0,3.1,61.4,65.5,44.5,65.5,6.4,2.7,wta2.tsv
Jacob Fearnley,GBR,M,atp2.tsv,55.0,,50.0,63.0,116.0,7.5,85.0,5.5,60.2,71.2,50.6,78.5,6.4,2.4,atp2.tsv
Fabian Marozsan,HUN,M,atp2.tsv,56.0,,46.0,63.4,272.0,6.7,121.0,3.0,63.2,70.8,50.7,79.0,6.5,2.4,atp2.tsv
Sonay Kartal,GBR,W,wta2.tsv,56.0,,66.7,58.2,23.0,1.9,28.0,2.3,69.2,61.9,50.0,67.4,6.4,2.7,wta2.tsv
Jaume Munar,ESP,M,atp2.tsv,57.0,,41.7,62.8,150.0,5.1,119.0,4.0,63.8,70.4,49.4,78.0,6.3,2.3,atp2.tsv
Lucia Bronzetti,ITA,W,wta2.tsv,57.0,,46.9,55.1,78.0,2.3,106.0,3.2,63.3,60.3,46.2,64.0,6.9,3.1,wta2.tsv
Kei Nishikori,JPN,M,atp2.tsv,58.0,,51.5,62.7,85.0,3.7,51.0,2.2,66.8,68.2,51.8,77.4,6.2,2.3,atp2.tsv
Polina Kudermetova,RUS,W,wta2.tsv,58.0,,54.2,54.1,59.0,3.4,111.0,6.5,56.7,62.7,42.9,61.1,6.8,3.1,wta2.tsv
Eva Lys,GER,W,wta2.tsv,59.0,,51.7,54.8,26.0,1.3,99.0,5.0,66.0,58.2,48.2,62.2,6.6,3.0,wta2.tsv
Laslo Djere,SRB,M,atp2.tsv,59.0,,61.3,64.3,194.0,8.4,83.0,3.6,61.4,72.0,52.0,81.6,6.4,2.3,atp2.tsv
Benjamin Bonzi,FRA,M,atp2.tsv,60.0,,57.9,66.1,104.0,7.0,26.0,1.7,64.7,71.2,56.7,82.8,6.4,2.2,atp2.tsv
Jaqueline Cristian,ROU,W,wta2.tsv,60.0,,50.0,55.6,121.0,4.0,150.0,4.9,58.3,63.1,45.2,63.2,6.7,3.0,wta2.tsv
Alejandro Tabilo,CHI,M,atp2.tsv,61.0,,39.5,63.7,324.0,8.7,125.0,3.3,62.5,72.7,48.8,82.0,6.7,2.4,atp2.tsv
Moyuka Uchijima,JPN,W,wta2.tsv,61.0,,38.1,54.3,77.0,2.6,222.0,7.6,56.9,61.9,44.3,59.5,6.8,3.1,wta2.tsv
Alexander Bublik,KAZ,M,atp2.tsv,62.0,,33.3,64.6,472.0,15.8,221.0,7.4,60.7,77.3,44.9,80.7,6.4,2.3,atp2.tsv
Anna Blinkova,RUS,W,wta2.tsv,62.0,,37.5,51.6,56.0,2.1,146.0,5.4,61.9,56.4,43.9,54.6,6.8,3.3,wta2.tsv
Katerina Siniakova,CZE,W,wta2.tsv,63.0,,48.8,55.7,80.0,2.6,226.0,7.3,61.1,63.3,43.9,62.6,6.6,2.9,wta2.tsv
Roberto Carballes Baena,ESP,M,atp2.tsv,63.0,,44.2,61.3,172.0,5.1,108.0,3.2,62.9,68.3,49.4,74.6,6.5,2.5,atp2.tsv
Francisco Comesana,ARG,M,atp2.tsv,64.0,,48.1,64.2,226.0,8.7,84.0,3.2,62.1,72.4,50.8,80.4,6.5,2.3,atp2.tsv
Viktoriya Tomova,BUL,W,wta2.tsv,64.0,,40.5,52.6,55.0,1.8,147.0,4.9,62.7,59.3,41.5,55.2,7.0,3.3,wta2.tsv
Joao Fonseca,BRA,M,atp2.tsv,65.0,,65.4,66.3,157.0,8.0,42.0,2.1,66.2,73.1,53.0,84.3,6.4,2.2,atp2.tsv
Katie Volynets,USA,W,wta2.tsv,65.0,,34.4,53.2,20.0,0.8,29.0,1.2,76.2,55.9,44.5,55.8,6.9,3.2,wta2.tsv
Daniel Altmaier,GER,M,atp2.tsv,66.0,,38.2,62.1,260.0,9.2,72.0,2.6,60.1,73.2,45.4,75.4,6.5,2.5,atp2.tsv
Kimberly Birrell,AUS,W,wta2.tsv,66.0,,50.0,58.1,58.0,2.7,123.0,5.7,62.9,64.1,47.9,68.5,6.5,2.7,wta2.tsv
Caroline Dolehide,USA,W,wta2.tsv,67.0,,47.5,56.2,86.0,2.7,114.0,3.6,71.1,60.6,45.6,64.4,6.9,3.0,wta2.tsv
Learner Tien,USA,M,atp2.tsv,67.0,,46.4,60.3,101.0,4.1,98.0,4.0,63.4,66.4,49.9,73.0,6.6,2.6,atp2.tsv
Jessica Bouzas Maneiro,ESP,W,wta2.tsv,68.0,,48.8,52.8,39.0,1.4,189.0,7.0,62.2,58.7,43.2,56.8,6.5,3.1,wta2.tsv
Mattia Bellucci,ITA,M,atp2.tsv,68.0,,46.2,64.7,208.0,10.5,72.0,3.6,61.5,73.1,51.2,82.1,6.6,2.3,atp2.tsv
Damir Dzumhur,BIH,M,atp2.tsv,69.0,,46.2,57.3,21.0,1.2,55.0,3.2,65.8,59.8,52.5,68.8,6.8,2.9,atp2.tsv
Suzan Lamens,NED,W,wta2.tsv,69.0,,59.5,55.9,95.0,3.6,161.0,6.0,61.6,63.5,43.7,64.9,6.7,2.9,wta2.tsv
Bu Yunchaokete,CHN,M,atp2.tsv,70.0,,40.0,64.1,225.0,8.8,51.0,2.0,58.0,73.0,51.7,79.9,6.4,2.3,atp2.tsv
Hailey Baptiste,USA,W,wta2.tsv,70.0,,53.1,59.3,139.0,5.6,133.0,5.3,56.7,68.7,46.9,71.8,6.7,2.7,wta2.tsv
Ajla Tomljanovic,AUS,W,wta2.tsv,71.0,,44.7,54.5,90.0,3.3,249.0,9.2,64.9,61.8,41.0,60.6,6.8,3.1,wta2.tsv
Juncheng Shang,CHN,M,atp2.tsv,71.0,,57.1,65.7,191.0,7.2,86.0,3.2,62.1,73.3,53.2,83.3,6.4,2.2,atp2.tsv
Roman Safiullin,RUS,M,atp2.tsv,72.0,,40.5,64.6,265.0,8.6,106.0,3.4,63.5,72.7,50.4,79.2,6.3,2.2,atp2.tsv
Varvara Gracheva,FRA,W,wta2.tsv,72.0,,35.5,54.3,51.0,2.3,112.0,5.0,62.0,60.3,44.4,60.2,6.7,3.1,wta2.tsv
Alexandra Eala,PHI,W,wta2.tsv,73.0,,41.7,50.9,14.0,1.7,34.0,4.0,68.2,54.0,44.2,51.6,6.9,3.4,wta2.tsv
Corentin Moutet,FRA,M,atp2.tsv,73.0,,40.0,59.5,74.0,3.0,70.0,2.9,64.5,64.7,50.1,71.9,6.7,2.7,atp2.tsv
Hamad Medjedovic,SRB,M,atp2.tsv,74.0,,54.2,67.6,186.0,10.4,59.0,3.3,67.4,74.9,52.5,85.7,6.2,2.0,atp2.tsv
Renata Zarazua,MEX,W,wta2.tsv,74.0,,40.0,54.7,14.0,0.9,43.0,2.8,74.4,56.5,49.6,60.5,6.7,3.0,wta2.tsv
Arthur Rinderknech,FRA,M,atp2.tsv,75.0,,41.3,65.2,479.0,13.5,126.0,3.5,63.2,75.4,47.7,81.5,6.4,2.2,atp2.tsv
Victoria Azarenka,BLR,W,wta2.tsv,75.0,,51.9,56.3,66.0,3.9,118.0,6.9,60.4,65.2,42.6,63.1,6.5,2.8,wta2.tsv
Aleksandar Kovacevic,USA,M,atp2.tsv,76.0,,37.9,65.2,260.0,11.4,91.0,4.0,58.4,75.6,50.5,83.2,6.4,2.2,atp2.tsv
Zeynep Sonmez,TUR,W,wta2.tsv,76.0,,57.1,53.5,17.0,1.1,90.0,5.8,60.3,60.1,43.5,59.5,7.0,3.2,wta2.tsv
Greet Minnen,BEL,W,wta2.tsv,77.0,,48.4,57.4,86.0,3.8,134.0,5.9,62.5,64.8,45.2,67.3,6.7,2.9,wta2.tsv
Yoshihito Nishioka,JPN,M,atp2.tsv,77.0,,58.8,64.8,93.0,4.0,44.0,1.9,63.4,69.3,57.0,81.0,6.3,2.2,atp2.tsv
Rinky Hijikata,AUS,M,atp2.tsv,78.0,,37.1,58.3,123.0,4.6,93.0,3.5,60.4,66.1,46.4,68.7,6.5,2.7,atp2.tsv
Viktorija Golubic,SUI,W,wta2.tsv,78.0,,38.5,52.6,10.0,0.6,59.0,3.4,70.7,56.8,42.6,55.9,6.7,3.2,wta2.tsv
Tatjana Maria,GER,W,wta2.tsv,79.0,,25.9,53.1,82.0,4.6,72.0,4.0,56.4,60.9,43.0,56.6,6.7,3.2,wta2.tsv
Zhizhen Zhang,CHN,M,atp2.tsv,79.0,,39.5,66.5,309.0,11.2,66.0,2.4,65.4,73.9,52.5,83.7,6.2,2.1,atp2.tsv
Aleksandar Vukic,AUS,M,atp2.tsv,80.0,,48.8,65.3,451.0,12.4,94.0,2.6,60.7,75.1,50.3,83.1,6.5,2.2,atp2.tsv
Elena Gabriela Ruse,ROU,W,wta2.tsv,80.0,,47.6,55.4,64.0,4.4,108.0,7.4,55.9,64.8,43.6,65.0,6.4,2.9,wta2.tsv
Cameron Norrie,GBR,M,atp2.tsv,81.0,,51.3,64.0,202.0,6.4,81.0,2.6,67.0,70.3,51.0,80.3,6.5,2.4,atp2.tsv
Yuliia Starodubtseva,UKR,W,wta2.tsv,81.0,,47.6,55.3,29.0,1.9,41.0,2.7,65.8,60.1,46.1,64.3,7.0,3.1,wta2.tsv
Anna Bondar,HUN,W,wta2.tsv,82.0,,28.6,56.5,110.0,6.9,68.0,4.3,57.5,64.4,45.8,65.7,6.7,2.9,wta2.tsv
Christopher Oconnell,AUS,M,atp2.tsv,82.0,,40.5,63.2,238.0,8.5,70.0,2.5,59.8,70.9,51.7,79.7,6.5,2.4,atp2.tsv
Bernarda Pera,USA,W,wta2.tsv,83.0,,43.8,58.0,146.0,6.5,169.0,7.5,58.7,67.5,44.6,69.7,6.8,2.8,wta2.tsv
Hugo Gaston,FRA,M,atp2.tsv,83.0,,40.6,59.3,98.0,3.9,69.0,2.7,54.9,67.0,50.0,71.4,6.6,2.7,atp2.tsv
Mayar Sherif,EGY,W,wta2.tsv,84.0,,28.6,54.4,58.0,3.6,54.0,3.3,69.9,59.6,42.4,60.6,7.0,3.2,wta2.tsv
Raphael Collignon,BEL,M,atp2.tsv,84.0,,14.3,61.2,32.0,6.7,43.0,9.0,65.8,70.1,44.2,76.4,6.6,2.6,atp2.tsv
Borna Coric,CRO,M,atp2.tsv,85.0,,33.3,63.5,138.0,9.7,53.0,3.7,59.6,72.2,50.5,77.5,6.4,2.3,atp2.tsv
Emiliana Arango,COL,W,wta2.tsv,85.0,,40.0,52.3,6.0,0.6,58.0,5.6,69.1,57.7,40.1,56.9,7.2,3.5,wta2.tsv
Kamilla Rakhimova,RUS,W,wta2.tsv,86.0,,36.0,54.6,45.0,2.7,75.0,4.4,57.7,59.8,47.5,61.4,6.5,3.0,wta2.tsv
Vit Kopriva,CZE,M,atp2.tsv,86.0,,40.0,56.7,23.0,3.0,35.0,4.6,60.8,62.8,47.3,67.0,7.0,3.0,atp2.tsv
Jan Lennard Struff,GER,M,atp2.tsv,87.0,,44.7,65.3,378.0,11.6,167.0,5.1,58.6,76.0,50.2,81.7,6.5,2.2,atp2.tsv
Yue Yuan,CHN,W,wta2.tsv,87.0,,39.5,55.7,88.0,3.3,62.0,2.3,60.2,62.4,45.5,62.8,6.6,2.9,wta2.tsv
Anca Alexia Todoni,ROU,W,wta2.tsv,88.0,,30.0,57.8,23.0,4.9,15.0,3.2,60.4,64.2,48.1,67.2,7.0,2.9,wta2.tsv
Jesper De Jong,NED,M,atp2.tsv,88.0,,50.0,64.1,61.0,8.6,22.0,3.1,57.5,74.3,50.3,80.2,6.4,2.3,atp2.tsv
Botic Van De Zandschulp,NED,M,atp2.tsv,89.0,,38.2,61.4,161.0,5.9,155.0,5.7,62.0,71.5,44.9,75.8,6.6,2.5,atp2.tsv
Elisabetta Cocciaretto,ITA,W,wta2.tsv,89.0,,34.4,54.8,41.0,1.9,95.0,4.4,66.7,59.8,44.7,61.2,6.7,3.0,wta2.tsv
Hugo Dellien,BOL,M,atp2.tsv,90.0,,42.9,61.5,17.0,3.0,7.0,1.3,70.3,64.5,54.2,75.3,6.6,2.5,atp2.tsv
Maria Sakkari,GRE,W,wta2.tsv,90.0,,42.4,56.3,88.0,4.2,114.0,5.5,62.0,64.4,43.1,65.5,6.6,2.9,wta2.tsv
Adam Walton,AUS,M,atp2.tsv,91.0,,31.8,64.5,143.0,8.4,45.0,2.7,64.9,71.9,50.7,80.6,6.2,2.2,atp2.tsv
Olivia Gadecki,AUS,W,wta2.tsv,91.0,,29.4,55.6,38.0,3.6,74.0,7.1,62.7,62.5,44.0,63.4,6.5,2.9,wta2.tsv
Irina Camelia Begu,ROU,W,wta2.tsv,92.0,,29.4,54.2,31.0,2.7,59.0,5.1,63.7,58.3,47.0,59.0,6.5,3.0,wta2.tsv
James Duckworth,AUS,M,atp2.tsv,92.0,,25.0,63.0,118.0,7.2,55.0,3.4,58.7,71.3,51.3,80.5,6.5,2.4,atp2.tsv
Diane Parry,FRA,W,wta2.tsv,93.0,,51.5,59.2,148.0,6.4,87.0,3.8,58.5,66.3,49.1,71.0,6.7,2.7,wta2.tsv
Reilly Opelka,USA,M,atp2.tsv,93.0,,51.4,69.1,598.0,20.9,124.0,4.3,64.3,79.0,51.2,88.7,6.3,2.0,atp2.tsv
Arantxa Rus,NED,W,wta2.tsv,94.0,,34.5,56.0,86.0,4.5,104.0,5.5,68.4,61.5,44.1,64.9,6.6,2.9,wta2.tsv
Chun Hsin Tseng,TPE,M,atp2.tsv,94.0,,28.6,61.1,37.0,4.7,17.0,2.2,57.9,67.0,52.9,74.8,6.6,2.6,atp2.tsv
Dalma Galfi,HUN,W,wta2.tsv,95.0,,50.0,59.1,34.0,6.6,20.0,3.9,67.6,63.7,49.4,70.5,6.6,2.7,wta2.tsv
Luca Nardi,ITA,M,atp2.tsv,95.0,,28.6,56.7,57.0,3.4,91.0,5.5,58.6,66.5,42.8,66.8,7.0,3.0,atp2.tsv
Kamil Majchrzak,POL,M,atp2.tsv,96.0,,50.0,67.2,27.0,6.2,9.0,2.1,64.7,74.6,53.6,82.2,5.9,1.9,atp2.tsv
Marketa Vondrousova,CZE,W,wta2.tsv,96.0,,45.5,55.6,62.0,8.9,66.0,9.5,52.6,67.0,42.9,65.0,6.8,3.0,wta2.tsv
Jil Teichmann,SUI,W,wta2.tsv,97.0,,33.3,55.1,24.0,3.7,27.0,4.1,63.9,61.6,43.6,63.9,6.7,3.0,wta2.tsv
Mariano Navone,ARG,M,atp2.tsv,97.0,,34.8,59.8,124.0,3.6,101.0,2.9,63.4,65.1,50.7,72.2,6.6,2.7,atp2.tsv
Cristina Bucsa,ESP,W,wta2.tsv,98.0,,43.3,54.2,40.0,1.7,116.0,5.0,64.6,59.1,45.3,61.2,7.1,3.3,wta2.tsv
Mackenzie Mcdonald,USA,M,atp2.tsv,98.0,,45.0,61.3,88.0,5.4,47.0,2.9,65.3,66.0,52.3,74.6,6.4,2.5,atp2.tsv
Bianca Andreescu,CAN,W,wta2.tsv,99.0,,52.0,58.7,59.0,3.6,65.0,3.9,67.5,64.2,47.4,69.8,6.5,2.7,wta2.tsv
Pablo Carreno Busta,ESP,M,atp2.tsv,99.0,,42.3,64.4,93.0,4.8,58.0,3.0,64.4,70.6,53.2,79.9,6.3,2.2,atp2.tsv
Leolia Jeanjean,FRA,W,wta2.tsv,100.0,,50.0,57.9,12.0,2.1,35.0,6.2,61.1,62.9,50.0,67.8,6.5,2.7,wta2.tsv
Nishesh Basavareddy,USA,M,atp2.tsv,100.0,,33.3,62.3,55.0,6.0,30.0,3.3,61.2,71.5,47.8,77.2,6.3,2.4,atp2.tsv
Average,,M,atp.tsv,,,50.8875,58.537499999999994,,4.9375,,4.75,62.425,65.525,46.9625,69.225,6.6,2.75,"atp.tsv, atp2.tsv, wta.tsv, wta2.tsv"
